slug,name,description
home,Introduction,Learn to build and deploy apps with ues.io
create-account,Create a studio account,Sign up for a ues.io account to access the studio.
first-app,Create your first app,"Learn about apps and workspaces"
deploy-to-site,Deploy your app to a site,"Learn how to to deploy your first app to a real domain using sites"
the-bundle-store,The bundle store,"Learn how to package, distribute, and monetize apps with the ues.io Bundle Store"
declarative-app-development,Declarative app development,"Understand how to build declarative apps"
deployment-and-app-bundles,Deployment and bundles,"Package your app metadata into bundles to deploy it to sites"
generators,Generators,"Rapidly create workspace metadata with templated, parameterized generators"
multi-tenant-apps,Multi-tenant Apps,"Key concepts of multi-tenant app development"
signals,Signals,"Signals make your views dynamic"
the-uesio-runtime,The ues.io runtime,"The ues.io runtime and application architecture"
the-uesio-security-model,The ues.io security model,"Understand the ues.io security model"
wires,Wires,"Load and save collection data with wires"
creating-custom-components,Guide: Creating custom components,"Guide: Creating custom components"
self-hosting-uesio,Guide: Self-hosting ues.io,"Run ues.io in your own infrastructure"
using-the-cli,Guide: Using the CLI,"Drive ues.io from the command line with the ues.io CLI"
bots,Bots,"Write custom server-side logic with bots"
collections,Collections,"Define your data types with collections"
components,Components,"Components are the building blocks of ues.io views"
files,Files,"Use files to include images, videos, and other static content in your apps"
labels-and-translations,Labels and Translations,"Internationalize your apps with labels and translations"
profiles-and-permission-sets,Profiles and Permission Sets,"Grant users access to your metadata with Profiles and Permission Sets"
routes,Routes,"Define URL paths where your views can be accessed with routes"
secrets-and-config-values,Secrets and config values,"Define dynamic application configuration values with config values and secrets"
views,Views,"Create user interfaces with views"
