uesio/core.recordid,uesio/core.fieldid,uesio/core.path
home,uesio/cms.content,home/home.md
create-account,uesio/cms.content,create-account/create-account.md
first-app,uesio/cms.content,first-app/first-app.md
deploy-to-site,uesio/cms.content,first-app/deploy-to-site.md
the-bundle-store,uesio/cms.content,concepts/bundle-store.md
declarative-app-development,uesio/cms.content,concepts/declarative-app-development.md
deployment-and-app-bundles,uesio/cms.content,concepts/deployment-and-bundles.md
generators,uesio/cms.content,concepts/generators.md
multi-tenant-apps,uesio/cms.content,concepts/multi-tenant-apps.md
signals,uesio/cms.content,concepts/signals.md
the-uesio-runtime,uesio/cms.content,concepts/uesio-runtime.md
the-uesio-security-model,uesio/cms.content,concepts/uesio-security-model.md
wires,uesio/cms.content,concepts/wires.md
creating-custom-components,uesio/cms.content,guides/creating-custom-components.md
self-hosting-uesio,uesio/cms.content,guides/self-hosting-uesio.md
using-the-cli,uesio/cms.content,guides/using-the-cli.md
bots,uesio/cms.content,metadata-types/bots.md
collections,uesio/cms.content,metadata-types/collections.md
components,uesio/cms.content,metadata-types/components.md
files,uesio/cms.content,metadata-types/files.md
labels-and-translations,uesio/cms.content,metadata-types/labels-and-translations.md
profiles-and-permission-sets,uesio/cms.content,metadata-types/profiles-and-permission-sets.md
routes,uesio/cms.content,metadata-types/routes.md
secrets-and-config-values,uesio/cms.content,metadata-types/secrets-and-config-values.md
views,uesio/cms.content,metadata-types/views.md
